cyber_llm_cyber75,cyber_llm_crypto10,cyber_llm_troubleshooting20,cyber_llm_ml10
0.8739408357814438,0.886214069923381,0.9329797649208962,0.9066164330583097
